product_name,ingredients,url
COSRX Advanced Snail Radiance Dual Essence,"snail secretion filtrate, butylene glycol, niacinamide, 1,2-hexanediol, betaine, panthenol, water, glycerin, limnanthes alba (meadowfoam) seed oil, helianthus annuus (sunflower) seed oil, allantoin, carbomer, macadamia ternifolia seed oil, sodium polyacrylate, sodium hyaluronate, inulin lauryl carbamate, arginine, argania spinosa kernel oil, xanthan gum, sodium surfactin, ethylhexylglycerin, glutathione",https://incidecoder.com/products/cosrx-advanced-snail-radiance-dual-essence
CeraVe Baby Moisturizing Lotion,"water, cetearyl alcohol, caprylic/​capric triglyceride, cetyl alcohol, phenoxyethanol, niacinamide, allantoin, potassium phosphate, ceramide np, ceramide ap, ceramide eop, carbomer, zinc citrate, behentrimonium methosulfate, sodium lauroyl lactylate, sodium pca, arginine pca, sodium hyaluronate, cholesterol, dipotassium phosphate, disodium edta, tocopheryl acetate, tocopherol, lauric acid, phytosphingosine, xanthan gum, polyglyceryl-3 diisostearate, polysorbate 60, ethylhexylglycerin",https://incidecoder.com/products/cerave-baby-moisturizing-lotion-3
COSRX Ac Collection Calming Foam Cleanser,"water, glycerin, stearic acid, myristic acid, peg-32, potassium hydroxide, palmitic acid, lauric acid, glyceryl stearate, peg-100 stearate, lauramide dea, cocamidopropyl betaine, potassium cocoate, salicylic acid, sodium chloride, arachidic acid, lavandula hybrida oil, linalool, disodium edta, oleic acid, limonene, asiaticoside, asiatic acid, madecassic acid",https://incidecoder.com/products/cosrx-ac-collection-calming-foam-cleanser
The Ordinary Aha 30% + Bha 2% Peeling Solution (Discontinued),"glycolic acid, aqua (water), aloe barbadensis leaf water, sodium hydroxide, daucus carota sativa extract, propanediol, cocamidopropyl dimethylamine, salicylic acid, lactic acid, tartaric acid, citric acid, panthenol, sodium hyaluronate crosspolymer, tasmannia lanceolata fruit/​leaf extract, glycerin, pentylene glycol, xanthan gum, polysorbate 20, trisodium ethylenediamine disuccinate, potassium sorbate, sodium benzoate, ethylhexylglycerin, 1,2-hexanediol, caprylyl glycol",https://incidecoder.com/products/the-ordinary-aha-30-bha-2-peeling-solution-2
The Ordinary Buffet + Copper Peptides 1%,"aqua (water), glycerin, lactococcus ferment lysate, copper tripeptide-1, acetyl hexapeptide-8, pentapeptide-18, palmitoyl tripeptide-1, palmitoyl tetrapeptide-7, palmitoyl tripeptide-38, dipeptide diaminobutyroyl benzylamide diacetate, acetylarginyltryptophyl diphenylglycine, sodium hyaluronate crosspolymer, sodium hyaluronate, allantoin, glycine, alanine, serine, valine, isoleucine, proline, threonine, histidine, phenylalanine, arginine, aspartic acid, trehalose, fructose, glucose, maltose, urea, sodium pca, pca, sodium lactate, citric acid, hydroxypropyl cyclodextrin, sodium chloride, sodium hydroxide, butylene glycol, pentylene glycol, acacia senegal gum, xanthan gum, carbomer, polysorbate 20, dimethyl isosorbide, sodium benzoate, caprylyl glycol, ethylhexylglycerin, phenoxyethanol, chlorphenesin",https://incidecoder.com/products/the-ordinary-buffet-copper-peptides-1
COSRX Balancium B5 D-Panthenol Cream,"water, panthenol, helianthus annuus (sunflower) seed oil, butylene glycol, caprylic/​capric triglyceride, glycerin, pentylene glycol, vinyl dimethicone, silica, 1,2-hexanediol, cetearyl alcohol, polymethylsilsesquioxane, dimethicone/​vinyl dimethicone crosspolymer, cetearyl olivate, sorbitan olivate, hydroxyethyl acrylate/​sodium acryloyldimethyl taurate copolymer, hydroxyacetophenone, carbomer, tromethamine, propanediol, sodium hyaluronate crosspolymer, hydrolyzed glycosaminoglycans, sodium hyaluronate, benzyl glycol, hydrolyzed hyaluronic acid, ethylhexylglycerin, hyaluronic acid, raspberry ketone",https://incidecoder.com/products/cosrx-balancium-b5-d-panthenol-cream
COSRX Advanced Snail 96 Mucin Power Essence,"snail secretion filtrate, betaine, butylene glycol, 1,2-hexanediol, sodium polyacrylate, phenoxyethanol, sodium hyaluronate, allantoin, ethyl hexanediol, carbomer, panthenol, arginine",https://incidecoder.com/products/cosrx-advanced-snail-96-mucin-power-essence-3
The Ordinary GF 15% Solution,"aqua/​water/​eau, butylene glycol, nicotiana benthamiana hexapeptide-40 sh-oligopeptide-1, nicotiana benthamiana hexapeptide-40 sh-polypeptide-76, nicotiana benthamiana octapeptide-30 sh-oligopeptide-2, sclerotium gum, glycerin, trisodium ethylenediamine disuccinate, citric acid, sodium citrate, phenoxyethanol, chlorphenesin",https://incidecoder.com/products/the-ordinary-gf-15-solution
The Ordinary 100% L-Ascorbic Acid Powder,ascorbic acid,https://incidecoder.com/products/the-ordinary-100-l-ascorbic-acid-powder
CeraVe Blemish Control Gel Moisturiser With 2% Salicylic Acid & Niacinamide For Blemish-prone Skin,"aqua/​water, glycerin, sodium hydroxide, glycolic acid, lactic acid, salicylic acid, niacinamide, ceramide np, ceramide ap, ceramide eop, carbomer, cetearyl alcohol, behentrimonium methosulfate, triethyl citrate, sodium hyaluronate, sodium lauroyl lactylate, cholesterol, chlorphenesin, disodium edta, hydroxypropyl guar, caprylyl glycol, xanthan gum, phytosphingosine, benzoic acid",https://incidecoder.com/products/cerave-blemish-control-gel-moisturiser-with-2-salicylic-acid-niacinamide-for-blemish-prone-skin
COSRX Balancium Comfort Ceramide Cream Mist,"water, glycerin, 1,2-hexanediol, butylene glycol, hydroxypropyl bislauramide mea, methyl gluceth-10, sorbeth-30 tetraisostearate, dipropylene glycol, panthenol, sorbitan sesquiisostearate, acrylates/​beheneth-25 methacrylate copolymer, sodium citrate, tromethamine, ppg-8-ceteth-20, citric acid, citrus aurantium bergamia (bergamot) fruit oil, hydrogenated lecithin, cetearyl alcohol, stearic acid, ceramide np, ceramide ns, cholesterol, phytosphingosine, ceramide ap, ceramide as, ceramide eop, read here for more detail.",https://incidecoder.com/products/cosrx-comfort-ceramide-cream-mist
COSRX B5 D-Panthenol Ampoule,"water, panthenol 30.0%, dipropylene glycol, pentylene glycol, glycerin, 1,2-hexanediol, c12-14 pareth-12, carbomer, diphenyl dimethicone, triethylhexanoin, tromethamine, ethylhexylglycerin, hydrogenated lecithin, butylene glycol, hyaluronic acid, hydrolyzed hyaluronic acid, sodium hyaluronate",https://incidecoder.com/products/cosrx-b5-d-panthenol-ampoule
CeraVe Cleanser,"purified water, cocamidopropyl hydroxysultaine, glycerin, sodium lauroyl sarcosinate, peg-150 pentaerythrityl tetrastearate, niacinamide, peg-6 caprylic/​capric glycerides, sodium methyl cocoyl taurate, propylene glycol, ceramide 3, ceramide 6 ii, ceramide 1, hyaluronic acid, cholesterol, phytosphingosine, citric acid, edetate disodium, sodium lauroyl lactylate, methylparaben, propylparaben, carbomer, xanthan gum",https://incidecoder.com/products/cerave-cleanser
The Ordinary Glucoside Foaming Cleanser,"aqua (water), decyl glucoside, coco-glucoside, xanthan gum, tocopherol, phytic acid, benzyl alcohol, ethylhexylglycerin",https://incidecoder.com/products/the-ordinary-glucoside-foaming-cleanser
CeraVe Acne Foaming Cream Wash,"water, glycerin, propylene glycol, cocamidopropyl hydroxysultaine, sodium c14-16 olefin sulfonate, potassium hydroxide, ceramide np, ceramide ap, ceramide eop, carbomer, niacinamide, glycolic acid, trideceth-6, triethyl citrate, sodium citrate, sodium hyaluronate, sodium hydroxide, sodium lauroyl lactylate, cholesterol, propanediol, tetrasodium edta, caprylyl glycol, diethylhexyl sodium sulfosuccinate, phytosphingosine, xanthan gum, acrylates/​c10-30 alkyl acrylate crosspolymer, benzoic acid, peg-30 dipolyhydroxystearate, benzoyl peroxide (10%)",https://incidecoder.com/products/cerave-acne-foaming-cream-wash
The Ordinary Alpha Arbutin 2% + Ha,"aqua (water), alpha-arbutin, polyacrylate crosspolymer-6, hydrolyzed sodium hyaluronate, propanediol, ppg-26-buteth-26, peg-40 hydrogenated castor oil, lactic acid, trisodium ethylenediamine disuccinate, ethoxydiglycol, phenoxyethanol, chlorphenesin.",https://incidecoder.com/products/the-ordinary-alpha-arbutin-2-ha
COSRX 5 Pdrn B5 Vital Soothing Toner,"aqua/​water, dipropylene glycol, butylene glycol, pentylene glycol, glycerin, niacinamide, 1,2-hexanediol, betaine, panthenol, sodium dna, ammonium acryloyldimethyltaurate/​vp copolymer, polyacrylate crosspolymer-6, xanthan gum, ethylhexylglycerin, adenosine, hydrolyzed corn starch, disodium edta, hydrolyzed collagen, sucrose, t-butyl alcohol, lactobacillus ferment, allantoin, alpha-arbutin, centella asiatica extract, propanediol, tocopherol, sodium phytate, sodium hyaluronate, hydrolyzed dna, caprylyl glycol, hydroxypropyltrimonium hyaluronate, acetyl hexapeptide-8, hydrolyzed hyaluronic acid, sodium acetylated hyaluronate, hyaluronic acid, hydrolyzed sodium hyaluronate, sodium hyaluronate crosspolymer, potassium hyaluronate",https://incidecoder.com/products/cosrx-5-pdrn-b5-vital-soothing-toner-2
COSRX Aloe Soothing Sun Cream Spf50+ Pa+++,"water, ethylhexyl methoxycinnamate, glycerin, propylene glycol, cyclopentasiloxane, phenylbenzimidazole sulfonic acid, bis-ethylhexyloxyphenol methoxyphenyl triazine, dicaprylyl carbonate, isoamyl p-methoxycinnamate, potassium cetyl phosphate, alcohol, dimethicone, butylene glycol, glyceryl stearate, titanium dioxide, c14-22 alcohols, polymethyl methacrylate, cetearyl alcohol, peg-100 stearate, triethanolamine, silica, sodium hydroxide, dimethicone/​vinyl dimethicone crosspolymer, c12-20 alkyl glucoside, aluminum hydroxide, stearic acid, fragrance, caprylyl glycol, phenoxyethanol, acrylates/​c10-30 alkyl acrylate crosspolymer, aloe arborescens leaf extract(1,100 ppm), dipotassium glycyrrhizate, carbomer, xanthan gum, limonene, tocopheryl acetate, disodium edta, hexyl cinnamal, linalool, benzyl salicylate, geraniol, benzyl alcohol, citronellol, benzyl benzoate, citral",https://incidecoder.com/products/cosrx-aloe-soothing-sun-cream-spf50-pa-2
The Ordinary Glycolic Acid,"aqua (water), glycolic acid, rosa damascena flower water, centaurea cyanus flower water, aloe barbadensis leaf water, propanediol, glycerin, triethanolamine, aminomethyl propanol, panax ginseng root extract, tasmannia lanceolata fruit/​leaf extract, aspartic acid, alanine, glycine, serine, valine, isoleucine, proline, threonine, histidine, phenylalanine, glutamic acid, arginine, pca, sodium pca, sodium lactate, fructose, glucose, sucrose, urea, hexyl nicotinate",https://incidecoder.com/products/the-ordinary-glycolic-acid
CeraVe Blemish Control Cleanser,"water, sodium lauroyl sarcosinate, cocamidopropyl hydroxysultaine, glycerin, niacinamide, gluconolactone, sodium methyl cocoyl taurate, peg-150 pentaerythrityl tetrastearate, ceramide np, ceramide ap, ceramide eop, carbomer, calcium gluconate, triethyl citrate, sodium benzoate, sodium hydroxide, sodium lauroyl lactylate, cholesterol, tetrasodium edta, caprylyl glycol, hydrolyzed hyaluronic acid, trisodium ethylenediamine disuccinate, xanthan gum, hectorite, phytosphingosine, benzoic acid",https://incidecoder.com/products/cerave-blemish-control-cleanser-3
COSRX AC Collection Calming Liquid Intensive,"propolis extract, alcohol, butylene glycol, sodium lactate, dimethyl sulfone, betaine, lactic acid, 1,2-hexanediol, glycolic acid, water, betaine salicylate, cassia obtusifolia seed extract, panthenol, allantoin, sodium hyaluronate, polysorbate 60, hydroxyethylcellulose, zinc pca, melaleuca alternifolia (tea tree) leaf oil, ethyl hexanediol, asiaticoside, asiatic acid, madecassic acid",https://incidecoder.com/products/cosrx-calming-liquid-intensive
The Ordinary 100% Organic Cold-Pressed Moroccan Argan Oil,argania spinosa kernel oil,https://incidecoder.com/products/the-ordinary-100-organic-cold-pressed-moroccan-argan-oil
COSRX Aha/Bha Clarifying Treatment Toner,"water, salix alba (willow) bark water, pyrus malus (apple) fruit water, butylene glycol, 1,2-hexanediol, sodium lactate, glycolic acid, betaine salicylate, allantoin, panthenol, ethyl hexanediol",https://incidecoder.com/products/corsx-aha-bha-clarifying-treatment-toner
The Ordinary Glycolic Acid 7% Toning Solution,"aqua (water), glycolic acid, rosa damascena flower, water, centaurea cyanus flower water, aloe barbadensis leaf water, propanediol, glycerin, triethanolamine, aminomethyl propanol, panax ginseng root extract, tasmannia lanceolata fruit/​leaf extract, aspartic acid, alanine, glycine, serine, valine, isoleucine, proline, threonine, histidine, phenylalanine, glutamic acid, arginine, pca, sodium pca, sodium lactate, fructose, glucose, sucrose, urea, hexyl nicotinate, dextrin, citric acid, polysorbate 20, gellan gum, trisodium ethylenediamine disuccinate, sodium chloride, hexylene glycol, potassium sorbate, sodium benzoate, 1,2-hexanediol, caprylyl glycol",https://incidecoder.com/products/the-ordinary-glycolic-acid-7-toning-solution-6
CeraVe Am Facial Moisturising Lotion With Spf 15,"aqua/​water, homosalate, glycerin, octocrylene, ethylhexyl salicylate, niacinamide, silica, butyl methoxydibenzoylmethane, dimethicone, cetearyl alcohol, peg-100 stearate, glyceryl stearate, phenoxyethanol, stearic acid, behentrimonium methosulfate, caprylyl glycol, palmitic acid, ammonium polyacryloyldimethyl taurate, xanthan gum, disodium edta, tocopherol, sodium lauroyl lactylate, myristic acid, sodium hyaluronate, ceramide np, ceramide ap, phytosphingosine, cholesterol, carbomer, ethylhexylglycerin, ceramide eop",https://incidecoder.com/products/cerave-am-facial-moisturising-lotion-with-spf-15
COSRX BHA Blackhead Power Liquid -,"salix alba (willow) bark water, butylene glycol, betaine, betaine salicylate, 1,2-hexanediol, sodium hydroxide, sodium hyaluronate, panthenol, xanthan gum, ethyl hexanediol",https://incidecoder.com/products/cosrx-bha-blackhead-power-liquid-5
The Ordinary Face Serum,"aqua (water), niacinamide, pentylene glycol, zinc pca, tamarindus indica seed gum, xanthan gum, isoceteth-20, ethoxydiglycol, phenoxyethanol, chlorphenesin",https://incidecoder.com/products/the-ordinary-face-serum
COSRX Ac Collection Ultimate Spot Cream,"aloe barbadensis leaf water, butylene glycol, helianthus annuus seed oil, glycerine, zinc oxide, cetearyl alcohol, dimethyl sulfone, betaine, polysorbate 60, elaeis guineensis (palm) oil, elaeis guineensis (palm) kernel oil, cetearyl olivate, sorbitan olivate, 1,2-hexanediol, calamine, dimethicone, illicium verum (anise) fruit extract, scutellaria baicalensis root extract, xanthan gum, melaleuca alternifolia (tea tree) leaf oil, ethyl hexanediol, asiaticoside, asiatic acid, madecassic acid",https://incidecoder.com/products/cosrx-ac-collection-ultimate-spot-cream
CeraVe Blemish Barrier Patches,"hydrogenated poly(c6-20 olefin), cellulose gum, hydrogenated styrene/​butadiene copolymer, paraffinum liquidum/​mineral oil/​huile minerale, aqua/​water/​eau, ceramide np, ceramide ap, ceramide eop, carbomer, niacinamide, sodium lauroyl lactylate, cholesterol, phenoxyethanol, pentaerythrityl tetra-di-t-butyl hydroxyhydrocinnamate, phytosphingosine, xanthan gum, ethylhexylglycerin",https://incidecoder.com/products/cerave-blemish-barrier-patches
CeraVe Am Facial Moisturizing Lotion With Sunscreen,"homosalate (10%), meradimate (5%), octinoxate (5%), octocrylene (2%), zinc oxide (6.3%), water, niacinamide, glycerin, cetearyl alcohol, behentrimonium methosulfate, dimethicone, bht, ceramide np, ceramide ap, ceramide eop, carbomer, triethoxycaprylylsilane, methylparaben, sodium lauroyl lactylate, cholesterol, aluminum starch octenylsuccinate, disodium edta, propylparaben, hydroxyethylcellulose, hydrolyzed hyaluronic acid, phytosphingosine, xanthan gum",https://incidecoder.com/products/cerave-am-facial-moisturizing-lotion-with-sunscreen-2
CeraVe Baby Sunscreen Lotion,"titanium dioxide, zinc oxide, water, butyloctyl salicylate, c12-15 alkyl benzoate, glycerin, caprylyl methicone, isohexadecane, triethylhexanoin, mica, glyceryl stearate, trimethylsiloxysilicate, peg-100 stearate, alumina, polyhydroxystearic acid, aluminum stearate, caprylic/​capric triglycerides, polypropylsilsesquioxane, xanthan gum, hydrogenated dimer dilinoleyl/​dimethylcarbonate copolymer, ceramide 3, ceramide 6-ii, ceramide 1, aloe barbadensis leaf juice, carthamus tinctorius (safflower) seed oil, niacinamide, hyaluronic acid, sodium hydroxide, phenoxyethanol, cetyl alcohol, isostearic acid, peg-75 stearate, citric acid, tetrasodium edta, propylene glycol stearate, glyceryl isostearate, propylene glycol isostearate, oleth-25, ceteth-25, inulin lauryl carbamate, ceteth-20, steareth-20, stearic acid, ethylhexyl glycerin, glucamine, triethoxycaprylylsilane, sodium lauroyl lactylate, silica, phytosphingosine, cholesterol, carbomer",https://incidecoder.com/products/cerave-baby-sunscreen-lotion
COSRX Balancium Comfort Ceramide Cream (Discontinued),"centella asiatica leaf water, butylene glycol, glycerin, helianthus annuus (sunflower) seed oil, caprylic/​capric triglyceride, cetearyl alcohol, betaine, 1,2-hexanediol, cetearyl olivate, sorbitan olivate, ceramide np, hydrogenated lecithin, sucrose distearate, glyceryl stearate, dipropylene glycol, elaeis guineensis (palm) oil, elaeis guineensis (palm) kernel oil, beeswax, hydroxyethyl acrylate/​sodium acryloyldimethyl taurate copolymer, ethylhexylglycerin, cyclomethicone, dimethicone/​vinyl dimethicone crosspolymer, panthenol, niacinamide, sodium hyaluronate, xanthan gum, asiaticoside, asiatic acid, madecassic acid, cassia obtusifolia seed extract, citrus aurantium bergamia (bergamot) fruit oil",https://incidecoder.com/products/cosrx-balancium-comfort-ceramide-cream-discontinued
The Ordinary Gf 15% Serum,"aqua/​water/​eau, butylene glycol, nicotiana benthamiana hexapeptide-40 sh-oligopeptide-1, nicotiana benthamiana hexapeptide-40 sh-polypeptide-76, nicotiana benthamiana octapeptide-30 sh-oligopeptide-2, sclerotium gum, glycerin, trisodium ethylenediamine disuccinate, citric acid, sodium citrate, phenoxyethanol",https://incidecoder.com/products/the-ordinary-gf-15-serum
CeraVe Baby Moisturizing Cream,"aqua/​water/​eau, glycerin, cetearyl alcohol, propanediol, caprylic/​capric triglyceride, cetyl alcohol, dimethicone, ceteareth-20, petrolatum, peg-100 stearate, potassium phosphate, ceramide np, ceramide ap, ceramide eop, carbomer, glyceryl stearate, behentrimonium methosulfate, triethyl citrate, sodium phytate, sodium lauroyl lactylate, sodium hyaluronate, cholesterol, tocopherol, dipotassium phosphate, disodium edta, capryloyl glycine, hydroxyacetophenone, caprylyl glycol, phytosphingosine, xanthan gum, benzoic acid",https://incidecoder.com/products/cerave-baby-moisturizing-cream-3
CeraVe Acne Foaming Cleanser,"benzoyl peroxide (4%), aqua (water), glycerin, propylene glycol, cocamidopropyl hydroxysultaine, sodium c14-16 olefin sulfonate, xanthan gum, sodium chloride (salt), potassium hydroxide, citric acid, sodium citrate, niacinamide, sodium hyaluronate (hyaluronic acid), propanediol, diethylhexyl sodium sulfosuccinate, carbomer, benzoic acid, sodium lauroyl lactylate, sodium hydroxide, glycolic acid, tetrasodium edta, ceramide np, phenoxyethanol, ceramide ap, phytosphingosine, cholesterol, ethylhexylglycerin, ceramide eop",https://incidecoder.com/products/cerave-acne-foaming-cleanser-2
CeraVe Am Facial Moisturising Lotion Normal To Dry Skin 52ml With UV Protection And 3 Essential Ceramides,"aqua/​water, glycerin, isopropyl palmitate, bis-ethylhexyloxyphenol methoxyphenyl triazine, ethylhexyl salicylate, niacinamide, pentylene glycol, butyl methoxydibenzoylmethane, ethylhexyl triazone, propanediol, zea mays starch/​corn starch, potassium cetyl phosphate, diisopropyl sebacate, oryza sativa cera (rice bran wax), stearic acid, ceramide np, ceramide ap, ceramide eop, carbomer, glyceryl stearate, cetearyl alcohol, triethanolamine, behentrimonium methosulfate, triethyl citrate, sodium hyaluronate, sodium polyacrylate, sodium lauroyl lactylate, myristic acid, cholesterol, palmitic acid, tocopherol, caprylyl glycol, trisodium ethylenediamine disuccinate, xanthan gum, phytosphingosine, acrylates/​c10-30 alkyl acrylate crosspolymer, butyrospermum parkii butter/​shea butter, benzoic acid, peg-100 stearate",https://incidecoder.com/products/cerave-am-facial-moisturising-lotion-normal-to-dry-skin-52ml-with-uv-protection-and-3-essential-ceramides
CeraVe Advanced Repair Ointment,"petrolatum, paraffinum liquidum/​mineral oil, cera microcristallina/​microcrystalline wax, paraffin, caprylic/​capric triglyceride, dimethicone, aqua/​water, ceramide np, ceramide ap, ceramide eop, carbomer, triethyl citrate, sodium lauroyl lactylate, sodium hyaluronate, cholesterol, tocopheryl acetate, tocopherol, caprylyl glycol, synthetic wax, panthenol, phytosphingosine, xanthan gum, benzoic acid",https://incidecoder.com/products/cerave-advanced-repair-ointment
CeraVe Baby Wash & Shampoo,"purified water, decyl glucoside, polyglyceryl-10 caprylate/​caprate, niacinamide, cocoglycerides, cetyl hydroxyethylcellulose, ceramide 3, ceramide 6-ii, ceramide 1, hyaluronic  acid, xanthan gum, coco glucoside, glyceryl oleate, sodium benzoate, sodium lauroyl lactylate, tocopheryl  acetate, citric acid, phytosphingosine, cholesterol, sodium hydroxide, carbomer",https://incidecoder.com/products/cerave-baby-wash-shampoo
CeraVe Baby Healing Ointment (Canada),"petrolatum (46.5%), mineral oil, paraffin, ozokerite, dimethicone, hyaluronic acid, sodium hydroxide, ceramide 1, ceramide 3, ceramide 6 ii, tocopheryl acetate, phytosphingosine, cholesterol, sodium lauroyl lactylate, carbomer, panthenol, water, l-proline, xanthan gum",https://incidecoder.com/products/cerave-baby-healing-ointment-canada
CeraVe Cleansing Balm,"ethylhexyl palmitate, polyethylene, peg-20 glyceryl triisostearate, aqua/​water/​eau, ceramide np, ceramide ap, ceramide eop, carbomer, triethyl citrate, sodium lauroyl lactylate, cholesterol, simmondsia chinensis seed oil/​jojoba seed oil, phenoxyethanol, tocopherol, caprylyl glycol, phytosphingosine, xanthan gum, polysorbate 20, benzoic acid, peg-30 dipolyhydroxystearate, ppg-26-buteth-26, peg-40 hydrogenated castor oil",https://incidecoder.com/products/cerave-cleansing-balm
COSRX 5 Pdrn Collagen Intense Vitalizing Serum,"water, butylene glycol, glycerin, niacinamide, pentylene glycol, 2,3-butanediol, 1,2-hexanediol, betaine, diethoxyethyl succinate, sodium dna, carbomer, arginine, panthenol, ethylhexylglycerin, adenosine, hydrolyzed corn starch, disodium edta, allantoin, sucrose, lactobacillus ferment, pantothenic acid, alpha-arbutin, hydrolyzed collagen, centella asiatica extract, propanediol, tocopherol, sodium phytate, sodium hyaluronate, hydrolyzed dna, caprylyl glycol, hydroxypropyltrimonium hyaluronate, acetyl hexapeptide-8, hydrolyzed hyaluronic acid, sodium acetylated hyaluronate, hyaluronic acid, hydrolyzed sodium hyaluronate, sodium hyaluronate crosspolymer, potassium hyaluronate",https://incidecoder.com/products/cosrx-5-pdrn-collagen-intense-vitalizing-serum
The Ordinary Alpha Lipoic Acid 5%,"propanediol, thioctic acid",https://incidecoder.com/products/the-ordinary-alpha-lipoic-acid-5
CeraVe Anti-dandruff Hydrating Shampoo,"water, sodium c14-16 olefin sulfonate, disodium laureth sulfosuccinate, disodium cocoamphodiacetate, sodium chloride, glycol distearate, amodimethicone, sodium lauryl sulfoacetate, ppg-5-ceteth-20, potato starch modified, cocamide mipa, ceramide np, ceramide ap, ceramide eop, carbomer, niacinamide, trideceth-6, triethyl citrate, sodium hydroxide, sodium benzoate, sodium lauroyl lactylate, salicylic acid, sodium polynaphthalenesulfonate, sodium hyaluronate, cholesterol, phenoxyethanol, coco-betaine, propylene glycol, citric acid, cetrimonium chloride, caprylyl glycol, xanthan gum, phytosphingosine, polyquaternium-10, acrylates copolymer, benzoic acid (f.i.l. v70046481/​1)",https://incidecoder.com/products/cerave-anti-dandruff-hydrating-shampoo
CeraVe Baby Wash & Shampoo [CAN],"aqua/​water/​eau, decyl glucoside, polyglyceryl-10 caprylate/​caprate, niacinamide, cocoglycerides, cetyl hydroxyethylcellulose, ceramide np, ceramide ap, ceramide eop, carbomer, glyceryl oleate, sodium benzoate, sodium lauroyl lactylate, cholesterol, phenoxyethanol, coco-glucoside, tocopheryl acetate, citric acid, hydrolyzed hyaluronic acid, xanthan gum, phytosphingosine, ethylhexylglycerin",https://incidecoder.com/products/cerave-baby-wash-shampoo-2
COSRX Advanced Snail 96 Mucin Power Essence (EU Version),"snail secretion filtrate, betaine, butylene glycol, 1,2-hexanediol, ethyl hexanediol, phenoxyethanol, sodium polyacrylate, sodium hyaluronate, allantoin, carbomer, panthenol, arginine, aqua/​water",https://incidecoder.com/products/cosrx-advanced-snail-96-mucin-power-essence-2
CeraVe Aceite Limpiador Hidratante,"aqua/​water, glycerin, peg-200 hydrogenated glyceryl palmate, coco-betaine, disodium cocoyl glutamate, peg-120 methyl glucose dioleate, polysorbate 20, peg-7 glyceryl cocoate, squalane, ceramide np, ceramide ap, ceramide eop, carbomer, triethyl citrate, sodium chloride, sodium hydroxide, sodium cocoyl glutamate, sodium benzoate, sodium lauroyl lactylate, sodium hyaluronate, cholesterol, citric acid, capryloyl glycine, hydroxyacetophenone, caprylyl glycol, caprylic/​capric triglyceride, trisodium ethylenediamine disuccinate, phytosphingosine, xanthan gum, benzoic acid, peg-150 pentaerythrityl tetrastearate, ppg-5-ceteth-20, peg-6 caprylic/​capric glycerides",https://incidecoder.com/products/cerave-aceite-limpiador-hidratante
The Ordinary Glycolipid Cream Cleanser,"aqua (water), behenyl alcohol, polyglyceryl-2 stearate, glycolipids, pentylene glycol, polyglyceryl-6 dicaprate, glyceryl stearate, stearyl alcohol, diutan gum, polyacrylate crosspolymer-6, sodium phytate, phytic acid, trisodium ethylenediamine disuccinate, sodium benzoate, phenoxyethanol, chlorphenesin",https://incidecoder.com/products/the-ordinary-glycolipid-cream-cleanser
The Ordinary 100% Organic Cold-Pressed Borage Seed Oil,borago officinalis seed oil,https://incidecoder.com/products/the-ordinary-100-organic-cold-pressed-borage-seed-oil
COSRX Ac Collection Blemish Spot Clearing Serum,"propolis extract, butylene glycol, niacinamide, panthenol, 1,2-hexanediol, hydroxyethyl acrylate/​sodium acryloyldimethyl taurate copolymer, ectoin, ethylhexylglycerin, glycerine, polyglyceryl-10 myristate, polyglyceryl-10 laurate, allantoin, sodium hyaluronate, asiaticoside, asiatic acid, madecassic acid, helianthus annuus (sunflower) seed oil, macadamia ternifolia (macadamia) seed oil, melaleuca alternifolia (tea tree) leaf oil, sucrose distearate, glyceryl stearate, hydrogenated lecithin, dipropylene glycol, ceramide np",https://incidecoder.com/products/cosrx-ac-collection-blemish-spot-clearing-serum-2
CeraVe Ceramides Eye Repair Cream For Dark Circles,"aqua/​water, niacinamide, cetyl alcohol, caprylic/​capric triglyceride, glycerin, propanediol, isononyl isononanoate, jojoba esters, peg-20 methyl glucose sesquistearate, cetearyl alcohol, dimethicone, methyl glucose sesquistearate, phenoxyethanol, sorbitol, behentrimonium methosulfate, carbomer, laureth-4, triethanolamine, tocopherol, butylene glycol, prunus amygdalus dulcis oil/​sweet almond oil, hydrogenated vegetable oil, ethylhexylglycerin, tetrasodium edta, sodium lauroyl lactylate, sodium hydroxide, zinc citrate, asparagopsis armata extract, equisetum arvense extract, maltodextrin, aloe barbadensis leaf extract, ascophyllum nodosum extract, chrysanthellum indicum extract, ceramide np, ceramide ap, phytosphingosine, cholesterol, xanthan gum, potassium sorbate, sodium hyaluronate",https://incidecoder.com/products/cerave-ceramides-eye-repair-cream-for-dark-circles
CeraVe Baby Eczema Relief Cream,"colloidal oatmeal (1%), water, butyrospermum parkii (shea) butter, glycerin, dimethicone, cetearyl alcohol, niacinamide, caprylic/​capric triglyceride, glyceryl stearate, peg-100, mg stearate+, ammonium polyacryloyldimethyl taurate, ceramide np, ceramide ap, ceramide eop, sorbitan tristearate, carbomer, cetearyl isononanoate, behentrimonium methosulfate, triethyl citrate, sodium benzoate, sodium lauroyl lactylate, sodium hyaluronate, cholesterol, phenoxyethanol, tocopherol, citric acid, caprylyl glycol, trisodium ethylenediamine disuccinate, xanthan gum, pentaerythrityl tetra-di-t-butyl hydroxyhydrocinnamate, phytosphingosine, octyldodecanol, benzoic acid, peg-20 methyl glucose sesquistearate",https://incidecoder.com/products/cerave-baby-eczema-relief-cream
CeraVe Am Facial Moisturizing Lotion SPF 30,"homosalate (10%), octinoxate (5%), octocrylene (2%), zinc oxide (8%), water, niacinamide, cetearyl alcohol, glycerin, propanediol, dimethicone, behentrimonium methosulfate, bht, ceramide np, ceramide ap, ceramide eop, carbomer, triethoxycaprylylsilane, triethyl citrate, sodium lauroyl lactylate, sodium hyaluronate, cholesterol, aluminum starch octenylsuccinate, phenoxyethanol, hydroxyethylcellulose, hydroxyacetophenone, caprylyl glycol, trisodium ethylenediamine disuccinate, phytosphingosine, xanthan gum, benzoic acid",https://incidecoder.com/products/cerave-am-facial-moisturizing-lotion-spf-30-2
The Ordinary Aloe 2% + Nag 2% Solution,"aqua (water), propanediol, glycerin, dipropylene glycol, aloe barbadensis leaf juice powder, n-acetyl glucosamine, palmitoyl pentapeptide-4, biosaccharide gum-2, pentylene glycol, xanthan gum, isoceteth-20, hydroxymethoxyphenyl decanone, sodium lactate, lactic acid, sodium hydroxide, ethylhexylglycerin, phenoxyethanol, chlorphenesin",https://incidecoder.com/products/the-ordinary-aloe-2-nag-2-solution
The Ordinary Alpha Arbutin 2 % + Ha,"aqua (water), alpha-arbutin, propanediol, polyacrylate crosspolymer-6, hydrolyzed sodium hyaluronate, ergothioneine, polysorbate 20, citric acid, sodium citrate, sodium hydroxide, sodium metabisulfite, trisodium ethylenediamine disuccinate, ethoxydiglycol, phenoxyethanol, chlorphenesin",https://incidecoder.com/products/the-ordinary-alpha-arbutin-2-ha-2
COSRX Advanced The Vitamin C 23 Serum,"dimethicone, panthenol, 3-o-ethyl ascorbic acid, squalane, caffeine, sodium hyaluronate, glutathione, adenosine, gardenia florida fruit extract, dextrin, acetyl glucosamine, allantoin, tocotrienols, tocopherol, elaeis guineensis (palm) oil, niacinamide, butylene glycol, arginine, glycyrrhiza glabra (licorice) root extract, carthamus tinctorius (safflower) seed oil, helianthus annuus (sunflower) seed oil, camellia japonica seed oil, methyl trimethicone, daucus carota sativa (carrot) root extract, beta-carotene, water, alcohol denat, pentylene glycol, ascorbic acid (23%), propanediol, pentylene glycol, sodium chloride, sodium sulfite, aqua/​water, sodium metaphosphate, ascorbic acid, disodium edta, sodium hydroxide, tromethamine",https://incidecoder.com/products/cosrx-advanced-the-vitamin-c-23-serum
COSRX Ac Calming Solution Body Cleanser,"water, glycerin, potassium cocoyl glycinate, lauryl betaine, c12-14 pareth-12, lauryl hydroxysultaine, disodium cocoamphodiacetate, 1,2-hexanediol, acrylates/​c10-30 alkyl acrylate crosspolymer, sodium chloride, fragrance, betaine, salicylic acid, panthenol, hydroxyacetophenone, menthol, disodium edta, ethylhexylglycerin, butylene glycol, mentha arvensis leaf extract, madecassic acid, asiaticoside, asiatic acid",https://incidecoder.com/products/cosrx-ac-calming-solution-body-cleanser
The Ordinary Caffeine Solution 5% + Egcg (Discontinued),"aqua (water), caffeine, propanediol, glycerin, maltodextrin, epigallocatechin gallate, sodium hyaluronate, glycine soja (soybean) seed extract, urea, tocophersolan, hydroxyethylcellulose, poloxamer 235, poloxamer 338, xanthan gum, lactic acid, trisodium ethylenediamine disuccinate, butylene glycol, ethoxydiglycol, phenoxyethanol, chlorphenesin",https://incidecoder.com/products/the-ordinary-caffeine-solution-5-egcg-discontinued
CeraVe Am Facial Moisturizing Lotion Spf30,"homosalate (10.00%), menthyl anthranilate (meradimate - 5%), octinoxate (5.00%), octocrylene (2.00%), zinc oxide (6.3%), water, niacinamide, cetearyl alcohol, glycerin, dimethicone, behentrimonium methosulfate, ceramide 3, ceramide 6-ii, ceramide 1, hyaluronic acid, sodium hydroxide, aluminum starch octenylsuccinate, hydroxyethylcellulose, methylparaben, disodium edta, propylparaben, sodium lauroyl lactylate, phytosphingosine, cholesterol, carbomer, xanthan gum",https://incidecoder.com/products/cerave-am-facial-moisturizing-lotion-spf30
COSRX Advanced Snail Mucin Power Sheet Mask,"snail secretion filtrate, betaine, caprylic/​capric triglyceride, cetearyl olivate, sorbitan olivate, sodium hyaluronate, cetearyl alcohol, stearic acid, arginine, dimethicone, carbomer, panthenol, allantoin, sodium polyacrylate, xanthan gum, ethyl hexanediol, adenosine, phenoxyethanol",https://incidecoder.com/products/cosrx-advanced-snail-mucin-power-sheet-mask
The Ordinary Caffeine Solution 5% + EGCG,"aqua (water), caffeine, propanediol, maltodextrin, glycerin, epigallocatechin gallatyl glucoside, gallyl glucoside, hyaluronic acid, oxidized glutathione, glycine soja (soybean) seed extract, polypodium vulgare rhizome extract, cetraria islandica thallus extract, sphagnum magellanicum extract, urea, hydroxyethylcellulose, polyacrylate crosspolymer-6, xanthan gum, lactic acid, citric acid, dehydroacetic acid, trisodium ethylenediamine disuccinate, propyl gallate, dimethyl isosorbide, ethoxydiglycol, benzyl alcohol, 1,2-hexanediol, phenoxyethanol, caprylyl glycol",https://incidecoder.com/products/the-ordinary-caffeine-solution-5-egcg-4
The Ordinary 2% Salicylic Acid Solution (2022),"aqua (water), saccharide isomerate, cocamidopropyl dimethylamine, salicylic acid, hydroxyethylcellulose, polysorbate 20, citric acid, sodium citrate, sodium hydroxide, phenoxyethanol, chlorphenesin",https://incidecoder.com/products/the-ordinary-2-salicylic-acid-solution-2022
COSRX Aloe Soothing Sun Cream Spf50 Pa+++,"water, ethylhexyl methoxycinnamate, glycerin, propylene glycol, cyclopentasiloxane, bis-ethylhexyloxyphenol methoxyphenyl triazine, phenylbenzimidazole sulfonic acid, dicaprylyl carbonate, isoamyl p-methoxycinnamate, potassium cetyl phosphate, alcohol, dimethicone, glyceryl stearate, butylene glycol, titanium dioxide, c14-22 alcohols, polymethyl methacrylate, cetearyl alcohol, aloe arborescens leaf extract, dipotassium glycyrrhizate, tocopheryl acetate, peg-100 stearate, silica, c12-20 alkyl glucoside, dimethicone/​vinyl dimethicone crosspolymer, aluminum hydroxide, stearic acid, caprylyl glycol, acrylates/​c10-30 alkyl acrylate crosspolymer, carbomer, xanthan gum, triethanolamine, sodium hydroxide, fragrance, phenoxyethanol, disodium edta",https://incidecoder.com/products/cosrx-aloe-soothing-sun-cream-spf50-pa
The Ordinary Caffeine Solution 5% + Egcg,"aqua (water), caffeine, maltodextrin, glycerin, propanediol, epigallocatechin gallatyl glucoside, gallyl glucoside, hyaluronic acid, oxidized glutathione, melanin, glycine soja (soybean) seed extract, pentylene glycol, hydroxyethylcellulose, polyacrylate crosspolymer-6, xanthan gum, lactic acid, dehydroacetic acid, trisodium ethylenediamine disuccinate, propyl gallate, dimethyl isosorbide, benzyl alcohol, 1,2-hexanediol, ethylhexylglycerin, phenoxyethanol, caprylyl glycol",https://incidecoder.com/products/the-ordinary-caffeine-solution-5-egcg
COSRX Advanced Snail Hydrogel Eye Patch,"water, glycerin, snail secretion filtrate, niacinamide, carrageenan, 1,2-hexanediol, ceratonia siliqua (carob) gum, betaine, hydroxyacetophenone, allantoin, chlorphenesin, cyamopsis tetragonoloba (guar) gum, calcium chloride, butylene glycol, sucrose, cellulose gum, adenosine, potassium chloride, dipotassium glycyrrhizate, ethylhexylglycerin, peg-90m",https://incidecoder.com/products/cosrx-advanced-snail-hydrogel-eye-patch
The Ordinary Ascorbyl Glucoside Solution 12%,"aqua (water), ascorbyl glucoside, propanediol, aminomethyl propanol, triethanolamine, isoceteth-20, xanthan gum, dimethyl isosorbide, ethoxydiglycol, trisodium ethylenediamine disuccinate, 1,2-hexanediol, caprylyl glycol.",https://incidecoder.com/products/the-ordinary-ascorbyl-glucoside-solution-12
The Ordinary 100% Organic Cold-Pressed Rose Hip Seed Oil,rosa canina seed oil,https://incidecoder.com/products/the-ordinary-100-organic-cold-pressed-rose-hip-seed-oil
CeraVe Ceramides Am Facial Moisturising Lotion,"aqua/​water, glycerin, isopropyl palmitate, ethylhexyl salicylate, niacinamide, pentylene glycol, bis-ethylhexyloxyphenol methoxyphenyl triazine, butyl methoxydibenzoylmethane, zea mays starch/​corn starch, ethylhexyl triazone, potassium cetyl phosphate, diisopropyl sebacate, oryza sativa cera, rice bran wax, stearic acid, ceramide np, ceramide ap, ceramide eop, carbomer, glyceryl stearate, cetearyl alcohol, triethanolamine, behentrimonium methosulfate, triethyl citrate, sodium hyaluronate, sodium lauroyl lactylate, myristic acid, cholesterol, palmitic acid, tocopherol, caprylyl glycol, trisodium ethylenediamine disuccinate, xanthan gum, phytosphingosine, acrylates/​c10-30 alkyl acrylate crosspolymer, benzoic acid, peg-100 stearate",https://incidecoder.com/products/cerave-ceramides-am-facial-moisturising-lotion
The Ordinary Euk 134 0.1%,"propanediol, ethylbisiminomethylguaiacol manganese chloride",https://incidecoder.com/products/the-ordinary-euk-134-0-1
CeraVe Acne Control Cleanser,"salicylic acid (2%), water, sodium lauroyl sarcosinate, cocamidopropyl hydroxysultaine, glycerin, niacinamide, gluconolactone, sodium methyl cocoyl taurate, peg-150 pentaerythrityl tetrastearate, ceramide np, ceramide ap, ceramide eop, carbomer, calcium gluconate, triethyl citrate, sodium benzoate, sodium hydroxide, sodium lauroyl lactylate, cholesterol, tetrasodium edta, caprylyl glycol, hydrolyzed hyaluronic acid, trisodium ethylenediamine disuccinate, xanthan gum, hectorite, phytosphingosine, benzoic acid",https://incidecoder.com/products/cerave-acne-control-cleanser
COSRX Advanced Snail Mucin Glass Glow Hydrogel Mask,"aqua/​water, snail secretion filtrate, glycerin, acrylates copolymer, niacinamide, 1,2-hexanediol, ceratonia siliqua (carob) gum, chondrus crispus, butylene glycol, betaine, potassium chloride, agar, erythritol, sclerotium gum, sucrose, cellulose gum, allantoin, polyglyceryl-10 laurate, panthenol, ethylhexylglycerin, adenosine, sodium phytate, hydrogenated lecithin, cetearyl alcohol, stearic acid, pentylene glycol, hydrolyzed collagen, gluconolactone, ceramide np, sodium hyaluronate, tocopherol, sodium hyaluronate crosspolymer, hydrolyzed hyaluronic acid, ceramide ns, cholesterol, phytosphingosine, hyaluronic acid, ceramide ap, ceramide as, hydrolyzed sodium hyaluronate, ceramide eop",https://incidecoder.com/products/cosrx-advanced-snail-mucin-glass-glow-hydrogel-mask
COSRX AC Collection Acne Patch,"sodium carboxymethyl cellulose, polyisobutene, rosin, polybutene, mineral oil, centella asiatica extract, polyurethane film",https://incidecoder.com/products/cosrx-ac-collection-acne-patch
The Ordinary Amino Acids + B5,"aqua (water), propanediol, betaine, sodium pca, panthenol, sodium lactate, arginine, pca, aspartic acid, glycine, alanine, serine, threonine, valine, proline, isoleucine, lysine hcl, histidine, phenylalanine, glutamic acid, citric acid, dimethyl isosorbide, polysorbate 20, trisodium ethylenediamine disuccinate, 1,2-hexanediol, caprylyl glycol",https://incidecoder.com/products/the-ordinary-amino-acids-b5
The Ordinary Ethylated Ascorbic Acid 15% Solution,"propanediol, ethyl ascorbic acid 15.0%",https://incidecoder.com/products/the-ordinary-ethylated-ascorbic-acid-15-solution
CeraVe Crema Hidratanta,"aqua/​water, glycerin, cetearyl alcohol, caprylic/​capric triglyceride, cetyl alcohol, ceteareth-20, petrolatum, potassium phosphate, ceramide np, ceramide ap, ceramide eop, carbomer, dimethicone, behentrimonium methosulfate, sodium lauroyl lactylate, sodium hyaluronate, cholesterol, phenoxyethanol, disodium edta, dipotassium phosphate, tocopherol, phytosphingosine, xanthan gum, ethylhexylglycerin",https://incidecoder.com/products/cerave-crema-hidratanta
The Ordinary Buffet,"aqua (water), glycerin, lactococcus ferment lysate, acetyl hexapeptide-8, pentapeptide-18, palmitoyl tripeptide-1, palmitoyl tetrapeptide-7, palmitoyl tripeptide-38, dipeptide diaminobutyroyl benzylamide diacetate, acetylarginyltryptophyl diphenylglycine, sodium hyaluronate crosspolymer, sodium hyaluronate, allantoin, glycine, alanine, serine, valine, isoleucine, proline, threonine, histidine, phenylalanine, arginine, aspartic acid, trehalose, fructose, glucose, maltose, urea, sodium pca, pca, sodium lactate, citric acid, hydroxypropyl cyclodextrin, sodium chloride, sodium hydroxide, butylene glycol, pentylene glycol, acacia senegal gum, xanthan gum, carbomer, polysorbate 20, ppg-26-buteth-26, peg-40 hydrogenated castor oil, trisodium ethylenediamine disuccinate, ethoxydiglycol, sodium benzoate, caprylyl glycol, ethylhexylglycerin, phenoxyethanol, chlorphenesin",https://incidecoder.com/products/the-ordinary-buffet
The Ordinary Ascorbic Acid 8% + Alpha Arbutin 2%,"propanediol, ascorbic acid 8.0%, alpha-arbutin 2.0%",https://incidecoder.com/products/the-ordinary-ascorbic-acid-8-alpha-arbutin-2
COSRX Aloe 54.2 Aqua Tone-up Sunscreen SPF50+/pa++++,"aloe barbadensis leaf water, homosalate, butylene glycol, diethylamino hydroxybenzoyl hexyl benzoate, ethylhexyl salicylate, glycerin, aqua, bis-ethylhexyloxyphenol methoxyphenyl triazine, c12-15 alkyl benzoate, methyl trimethicone, niacinamide, titanium dioxide (ci 77891), diisopropyl sebacate, terephthalylidene dicamphor sulfonic acid, 1,2-hexanediol, potassium cetyl phosphate, cetearyl alcohol, tromethamine, glyceryl stearate, behenyl alcohol, polyacrylate crosspolymer-6, xanthan gum, sodium polyacryloyldimethyl taurate, hydrogenated lecithin, poly c10-30 alkyl acrylate, ethylhexylglycerin, stearic acid, aluminum hydroxide, polyglyceryl-3 methylglucose distearate, palmitic acid, ci 77491, disodium edta, triethoxycaprylylsilane, ci 77492, sodium hyaluronate, allantoin, myristic acid, cyanocobalamin, lauric acid, tocopherol",https://incidecoder.com/products/cosrx-aloe-54-2-aqua-tone-up-sunscreen-spf50-pa
The Ordinary Coverage Foundation,"aqua (water), coconut alkanes, dimethicone, isodecyl neopentanoate, caprylyl methicone, methyl methacrylate crosspolymer, glycerin, trimethylsiloxysilicate, peg-9 polydimethylsiloxyethyl dimethicone, caprylic/​capric triglyceride, dimethicone/​peg-10/​15 crosspolymer, coco-caprylate/​caprate, cetyl diglyceryl tris(trimethylsiloxy)silylethyl dimethicone, sucrose laurate, dipropylene glycol, polysilicone-11, tocopherol, polyglyceryl-3 diisostearate, polyglyceryl-3 polyricinoleate, disteardimonium hectorite, hectorite, dimethicone/​bis-isobutyl ppg-20 crosspolymer, dimethyl isosorbide, sodium chloride, trisodium ethylenediamine disuccinate, phenoxyethanol, chlorphenesin, titanium dioxide (ci 77891), iron oxides (ci 77491, ci 77492, ci 77499), tin oxide, aluminum hydroxide, bismuth oxychloride (ci 77163), mica, triethoxycaprylylsilane",https://incidecoder.com/products/the-ordinary-coverage-foundation
CeraVe Acne Control Gel,"water, glycerin, sodium hydroxide, glycolic acid, lactic acid, niacinamide, ceramide np, ceramide ap, ceramide eop, carbomer, cetearyl alcohol, behentrimonium methosulfate, triethyl citrate, sodium hyaluronate, sodium lauroyl lactylate, cholesterol, chlorphenesin, disodium edta, hydroxypropyl guar, caprylyl glycol, xanthan gum, phytosphingosine, benzoic acid",https://incidecoder.com/products/cerave-acne-control-gel-4
The Ordinary 100% Cold-Pressed Virgin Marula Oil,sclerocarya birrea seed oil,https://incidecoder.com/products/the-ordinary-100-cold-pressed-virgin-marula-oil
The Ordinary Azelaic Acid Suspension 10%,"aqua (water), isodecyl neopentanoate, dimethicone, azelaic acid 10.0%, dimethicone/​bis-isobutyl ppg-20 crosspolymer, dimethyl isosorbide, hydroxyethyl acrylate/​sodium acryloyldimethyl taurate copolymer, polysilicone-11, isohexadecane, tocopherol, trisodium ethylenediamine disuccinate, isoceteth-20, polysorbate 60, triethanolamine, ethoxydiglycol, phenoxyethanol, chlorphenesin",https://incidecoder.com/products/the-ordinary-azelaic-acid-suspension-10
CeraVe 100% Mineral Sunscreen Spf 30,"titanium dioxide (6%), zinc oxide (5%), water, glycerin, c12-15 alkyl benzoate, dimethicone, glyceryl stearate, isododecane, butyloctyl salicylate, styrene/​acrylates copolymer, propanediol, stearic acid, peg-100 stearate, sorbitan stearate, peg-8 laurate, ceramide np, ceramide ap, ceramide eop, sorbitan isostearate, carbomer, cetearyl alcohol, ceteareth-20, triethoxycaprylylsilane, dimethiconol, sodium citrate, sodium lauroyl lactylate, sodium dodecylbenzenesulfonate, myristic acid, sodium hyaluronate, cholesterol, aluminum hydroxide, palmitic acid, phenoxyethanol, chlorphenesin, hydroxyethyl acrylate/​sodium acryloyldimethyl taurate copolymer, caprylyl glycol, citric acid, xanthan gum, phytosphingosine, polyhydroxystearic acid, polysorbate 60, ethylhexylglycerin",https://incidecoder.com/products/cerave-100-mineral-sunscreen-spf-30
COSRX Airy-light Clear Sunscreen Stick,"diethylhexyl carbonate, homosalate, methyl methacrylate crosspolymer, synthetic wax, octocrylene, dimethicone, dimethicone/​vinyl dimethicone crosspolymer, ethylhexyl salicylate, butyloctyl salicylate, isopropyl palmitate, butyl methoxydibenzoylmethane, diisostearyl malate, dimethiconol, trisiloxane, diphenylsiloxy phenyl trimethicone, ethylhexyl isononanoate, synthetic fluorphlogopite, polyethylene, polymethylsilsesquioxane, bis-behenyl/​isostearyl/​phytosteryl dimer dilinoleyl dimer dilinoleate, ethylene/​propylene copolymer, camellia japonica seed oil, silica dimethyl silylate, dimethicone crosspolymer, candelilla wax esters, copernicia cerifera (carnauba) wax, 3-o-ethyl ascorbic acid, panthenol, sodium hyaluronate, tocopheryl acetate",https://incidecoder.com/products/cosrx-airy-light-clear-sunscreen-stick
CeraVe Baby Healing Ointment,"mineral oil, paraffin, ozokerite, dimethicone, hyaluronic acid, sodium hydroxide, ceramide 1, ceramide 3, ceramide 6 ii, tocopheryl acetate, phytosphingosine, cholesterol, sodium lauroyl lactylate, carbomer, panthenol, water, l-proline, xanthan gum",https://incidecoder.com/products/cerave-baby-healing-ointment
COSRX Balancium Comfort Ceramide Hand Cream Intense,"water, butylene glycol, glycerin, helianthus annuus (sunflower) seed oil, cetyl ethylhexanoate, cetearyl alcohol, cetearyl olivate, sorbitan olivate, 1,2-hexanediol, elaeis guineensis (palm) oil, betaine, elaeis guineensis (palm) kernel oil, butyrospermum parkii (shea) butter, hydroxyethyl acrylate/​sodium acryloyldimethyl taurate copolymer, beeswax, cyclohexasiloxane, ethylhexylglycerin, panthenol, dimethicone/​vinyl dimethicone crosspolymer, limonene, citrus aurantium bergamia (bergamot) fruit oil, xanthan gum, linalool, sodium hyaluronate, ceramide np, dipropylene glycol, hydroxypropyl bislauramide mea, hydrogenated lecithin, citral, glyceryl stearate, ceramide ns, ceramide as, ceramide ap, cholesterol, ceramide eop",https://incidecoder.com/products/cosrx-balancium-comfort-ceramide-hand-cream-intense
COSRX Advanced Snail 92 All In One Cream,"snail secretion filtrate, betaine, caprylic/​capric triglyceride, butylene glycol, cetearyl olivate, sorbitan olivate, cetearyl alcohol, carbomer, ethyl hexanediol, phenoxyethanol, arginine, dimethicone, sodium polyacrylate, sodium hyaluronate, allantoin, palmitic acid, panthenol, xanthan gum, stearic acid, adenosine, water, myristic acid",https://incidecoder.com/products/cosrx-advanced-snail-92-all-in-one-cream
The Ordinary Balancing & Clarifying Serum,"aqua (water), lactococcus ferment lysate, propanediol, potassium azeloyl diglycinate, carnitine, acetyl glucosamine, sarcosine, ectoin, adenosine, polylysine, silanetriol, glycerin, pentylene glycol, sclerotium gum, xanthan gum, isoceteth-20, citric acid, sodium citrate, trisodium ethylenediamine disuccinate, sodium chloride, ethylhexylglycerin, sodium benzoate, phenoxyethanol, chlorphenesin",https://incidecoder.com/products/the-ordinary-balancing-clarifying-serum
COSRX Airy-light Invisible Sun Stick,"methyl methacrylate crosspolymer, synthetic wax, caprylyl methicone, vinyl dimethicone/​methicone silsesquioxane crosspolymer, coco-caprylate/​caprate, dicaprylyl carbonate, ethylhexyl palmitate, butyloctyl salicylate, neopentyl glycol diheptanoate, diethylamino hydroxybenzoyl hexyl benzoate, ethylhexyl triazone, ozokerite, tocopheryl acetate, silica, vinyl dimethicone, polysilicone-15, synthetic fluorphlogopite, propylheptyl caprylate, bis-ethylhexyloxyphenol methoxyphenyl triazine, ceresin, bisabolol, polyglyceryl-4 diisostearate/​polyhydroxystearate/​sebacate, triethoxycaprylylsilane, glyceryl caprylate, caprylyl glycol, disteardimonium hectorite, ethylhexylglycerin, triethyl citrate, tocopherol, ceramide np, water, niacinamide, allantoin, zinc pca, panthenol, 1,2-hexanediol, sodium hyaluronate, aloe barbadensis leaf water",https://incidecoder.com/products/cosrx-airy-light-invisible-sun-stick
The Ordinary AHA 30% + BHA 2% Peeling Solution,"glycolic acid, aqua (water), aloe barbadensis leaf water, sodium hydroxide, daucus carota sativa extract, propanediol, cocamidopropyl dimethylamine, salicylic acid, lactic acid, tartaric acid, citric acid, panthenol, sodium hyaluronate crosspolymer, tasmannia lanceolata fruit/​leaf extract, glycerin, pentylene glycol, xanthan gum, polysorbate 20, trisodium ethylenediamine disuccinate, potassium sorbate, sodium benzoate, ethylhexylglycerin, 1,2-hexanediol, caprylyl glycol",https://incidecoder.com/products/the-ordinary-aha-30-bha-2-peeling-solution-7
"The Ordinary ""B"" Oil","caprylic/​capric triglyceride, squalane, crambe abyssinica seed oil, bisabolol, simmondsia chinensis seed oil, ethylhexyl stearate, isochrysis galbana extract, adansonia digitata seed oil, argania spinosa kernel oil, borago officinalis seed oil, rosa canina seed oil, sclerocarya birrea seed oil, oenocarpus bataua fruit oil, plukenetia volubilis seed oil, bertholletia excelsa seed oil, solanum lycopersicum (tomato) fruit extract, hydroxymethoxyphenyl decanone, rosmarinus officinalis (rosemary) leaf extract, tocopherol",https://incidecoder.com/products/the-ordinary-b-oil
COSRX Aha 7 Whitehead Power Liquid,"pyrus malus (apple) fruit water, butylene glycol, glycolic acid, water, niacinamide, sodium hydroxide, 1,2-hexanediol, panthenol, sodium hyaluronate, xanthan gum, ethyl hexanediol",https://incidecoder.com/products/cosrx-aha-7-whitehead-power-liquid-discontinued-discontinued
The Ordinary Ascorbyl Tetraisopalmitate Solution 20% In Vitamin F,"coconut alkanes, tetrahexyldecyl ascorbate 20.0%, ethyl linoleate, coco-caprylate/​caprate, simmondsia chinensis (jojoba) seed oil, solanum lycopersicum (tomato) fruit extract, squalane",https://incidecoder.com/products/the-ordinary-ascorbyl-tetraisopalmitate-solution-20-in-vitamin-f
COSRX AC Blemish Spot Drying Lotion,"alcohol, calamine, water, glycerin, zinc oxide, titanium dioxide, salix alba (willow) bark extract, dimethyl sulfone, silica, salicylic acid, colloidal sulfur, camphor, cyanocobalamin, madecassic acid, asiaticoside, asiatic acid",https://incidecoder.com/products/cosrx-ac-blemish-spot-drying-lotion
CeraVe Baby Healing Ointment (Canadian Formulation),"petrolatum (46.5%), aqua, carbomer, ceramide ap, ceramide eop, ceramide np, cholesterol, dimethicone, ethylhexylglycerin, hydrolyzed hyaluronic acid, ozokerite, panthenol, pantolactone, paraffin, paraffinum liquidum, phenoxyethanol, phytosphingosine, proline, sodium lauroyl lactylate, tocopherol, tocopheryl acetate, xanthan gum",https://incidecoder.com/products/cerave-baby-healing-ointment-canadian-formulation
CeraVe Acne Foaming Skin Cleanser,"water, glycerin, propylene glycol, cocamidopropyl hydroxysultaine, sodium c14-16 olefin sulfonate, xanthan gum, potassium hydroxide, ceramide np, ceramide ap, ceramide eop, carbomer, niacinamide, glycolic acid, sodium chloride, sodium citrate, sodium hyaluronate, sodium lauroyl lactylate, sodium hydroxide, cholesterol, phenoxyethanol, propanediol, citric acid, tetrasodium edta, diethylhexyl sodium sulfosuccinate, phytosphingosine, ethylhexylglycerin, benzoic acid",https://incidecoder.com/products/cerave-acne-foaming-skin-cleanser
The Ordinary 100% Organic Virgin Sea-Buckthorn Fruit Oil,hippophae rhamnoides fruit oil,https://incidecoder.com/products/the-ordinary-100-organic-virgin-sea-buckthorn-fruit-oil
COSRX Aloe Vera Oil-Free Moisture Cream,"aloe barbadensis leaf water, butylene glycol, glycerin, 1,2-hexanediol, betaine, aloe barbadensis leaf juice powder, allantoin, peg-60 hydrogenated castor oil, dimethicone, arginine, carbomer, ethylhexylglycerin, sodium hyaluronate, panthenol, chlorophyllin-copper complex, ethyl hexanediol",https://incidecoder.com/products/cosrx-aloe-vera-oil-free-moisture-cream
CeraVe AM Facial Moisturising Lotion SPF 50 For Normal To Dry Skin,"aqua/​water, propanediol, dimethicone, cetearyl ethylhexanoate, niacinamide, ammonium polyacryloyldimethyl taurate, dipotassium glycyrrhizate, hydrogenated lecithin, potassium phosphate, ceramide np, ceramide ap, ceramide eop, carbomer, cetearyl alcohol, behentrimonium methosulfate, dimethiconol, lecithin, sodium citrate, retinol, sodium hyaluronate, sodium lauroyl lactylate, cholesterol, phenoxyethanol, alcohol, isopropyl myristate, caprylyl glycol, citric acid, trisodium ethylenediamine disuccinate, pentylene glycol, phytosphingosine, xanthan gum, polysorbate 20, ethylhexylglycerin",https://incidecoder.com/products/cerave-am-facial-moisturising-lotion-spf-50-for-normal-to-dry-skin
CeraVe Acne Foam Cream Cleanser,"benzoyl peroxide, water, glycerin, sodium methyl cocoyl taurate, coco-betaine, sodium cocoyl isethionate, sodium chloride, peg-100 stearate, peg-30 dipolyhydroxystearate, ceramide np, ceramide ap, ceramide eop, carbomer, glyceryl stearate, niacinamide, trideceth-6, cetearyl alcohol, sodium citrate, sodium hydroxide, sodium hyaluronate, sodium lauroyl lactylate, cholesterol, phenoxyethanol, propanediol, caprylyl glycol, xanthan gum, diethylhexyl sodium sulfosuccinate, phytosphingosine, acrylates/​c10-30 alkyl acrylate crosspolymer, ethylhexylglycerin",https://incidecoder.com/products/cerave-acne-foam-cream-cleanser
The Ordinary 1% Multi-peptide + Copper Peptides 1% Serum (11/12/24),"copper tripeptide-1, lactococcus ferment lysate, acetyl hexapeptide-8, palmitoyl tripeptide-1, pentapeptide-18, palmitoyl tetrapeptide-7, palmitoyl tripeptide-38, dipeptide diaminobutyroyl benzylamide diacetate, acetylarginyltryptophyl diphenylglycine, sodium hyaluronate",https://incidecoder.com/products/the-ordinary-1-multi-peptide-copper-peptides-1-serum-11-12-24
CeraVe Comforting Eye Makeup Remover,"aqua/​water/​eau, isohexadecane, sorbitol, peg-60 hydrogenated castor oil, steareth-2, ceramide np, ceramide ap, ceramide eop, carbomer, triethyl citrate, sodium hyaluronate, sodium lauroyl lactylate, cholesterol, chlorhexidine digluconate, hydroxyacetophenone, tetrasodium glutamate diacetate, citric acid, hydroxyethylcellulose, caprylyl glycol, phytosphingosine, xanthan gum, benzoic acid",https://incidecoder.com/products/cerave-comforting-eye-makeup-remover
COSRX Ac Collection Calming Liquid Mild,"camellia sinensis leaf water, butylene glycol, dimethyl sulfone, betaine, 1,2-hexanediol, betaine salicylate, gluconolactone, polyglyceryl-10 laurate, polyglyceryl-10 myristate, glycerine, panthenol, allantoin, arginine, sodium hyaluronate, melaleuca alternifolia (tea tree) leaf oil, asiaticoside, asiatic acid, madecassic acid",https://incidecoder.com/products/cosrx-ac-collection-calming-liquid-mild
COSRX Ac Collection Calming Foam Cleanser (Discontinued),"water, glycerin, stearic acid, myristic acid, peg-32, potassium hydroxide, palmitic acid, lauric acid, glyceryl stearate, peg-100 stearate, lauramide dea, cocamidopropyl betaine, lavandula hybrida oil, pinus sylvestris leaf oil, potassium cocoate, salicylic acid, asiaticoside, asiatic acid, madecassic acid, disodium edta, linalool, limonene",https://incidecoder.com/products/cosrx-ac-collection-calming-foam-cleanser-discontinued
The Ordinary Granactive Retinoid 2% Emulsion,"aqua (water), glycerin, ethyl linoleate, propanediol, caprylic/​capric triglyceride, cetearyl isononanoate, bisabolol, hydroxypinacolone retinoate, retinol, tasmannia lanceolata fruit/​leaf extract, dimethyl isosorbide, inulin lauryl carbamate, glyceryl stearate, ceteareth-12, ceteareth-20, cetearyl alcohol, carrageenan, xanthan gum, acacia senegal gum, cetyl palmitate, sucrose laurate, polysorbate 20, behentrimonium chloride, potassium citrate, trisodium ethylenediamine disuccinate, disodium edta, dehydroacetic acid, benzoic acid, ethylhexylglycerin, phenoxyethanol, chlorphenesin",https://incidecoder.com/products/the-ordinary-granactive-retinoid-2-emulsion
The Ordinary 100% Plant-Derived Squalane,squalane,https://incidecoder.com/products/the-ordinary-100-plant-derived-squalane
The Ordinary Advanced Retinoid 2%,"aqua (water), glycerin, ethyl linoleate, propanediol, caprylic/​capric triglyceride, dimethyl isosorbide, cetearyl isononanoate, bisabolol, hydroxypinacolone retinoate, retinol, tasmannia lanceolata fruit/​leaf extract, inulin lauryl carbamate, glyceryl stearate, ceteareth-12, ceteareth-20, cetearyl alcohol, carrageenan, xanthan gum, acacia senegal gum, cetyl palmitate, sucrose laurate, polysorbate 20, isoceteth-20, behentrimonium chloride, trisodium ethylenediamine disuccinate, disodium edta, dehydroacetic acid, benzoic acid, ethylhexylglycerin, phenoxyethanol, chlorphenesin",https://incidecoder.com/products/the-ordinary-advanced-retinoid-2
The Ordinary Concealer (3.2N),"aqua (water), caprylyl methicone, dimethicone, dimethicone/​vinyl dimethicone crosspolymer, isodecyl neopentanoate, dimethicone/​peg-10/​15 crosspolymer, cetyl diglyceryl tris(trimethylsiloxy)silylethyl dimethicone, dimethicone/​bis-isobutyl ppg-20 crosspolymer, peg-9 polydimethylsiloxyethyl dimethicone, polysilicone-11, c12-14 pareth-12, dipropylene glycol, xanthan gum, tocopherol, sodium chloride, trisodium ethylenediamine disuccinate, phenoxyethanol, chlorphenesin, titanium dioxide (ci 77891), iron oxides (ci 77491, ci 77492, ci 77499), tin oxide, bismuth oxychloride (ci 77163), mica, triethoxycaprylylsilane",https://incidecoder.com/products/the-ordinary-concealer-3-2n
The Ordinary Granactive Retinoid 2% Emulsion (Discontinued),"aqua (water), glycerin, caprylic/​capric triglyceride, ethyl linoleate, propanediol, dimethyl isosorbide, cetearyl isononanoate, bisabolol, hydroxypinacolone retinoate, retinol, tasmannia lanceolata fruit/​leaf extract, inulin lauryl carbamate, glyceryl stearate, ceteareth-12, ceteareth-20, cetearyl alcohol, carrageenan, xanthan gum, acacia senegal gum, cetyl palmitate, sucrose laurate, polysorbate 20, isoceteth-20, rosmarinus officinalis (rosemary) leaf extract, hydroxymethoxyphenyl decanone, behentrimonium chloride, trisodium ethylenediamine disuccinate, disodium edta, dehydroacetic acid, benzoic acid, ethylhexylglycerin, phenoxyethanol, chlorphenesin",https://incidecoder.com/products/the-ordinary-granactive-retinoid-2-emulsion-discontinued
COSRX Aloe Soothing Sun Cream Spf50+,"water, ethylhexyl methoxycinnamate, glycerin, propylene glycol, cyclopentasiloxane, bis-ethylhexyloxyphenol methoxyphenyl triazine, phenylbenzimidazole sulfonic acid, dicaprylyl carbonate, isoamyl p-methoxycinnamate, potassium cetyl phosphate, alcohol, dimethicone, glyceryl stearate, butylene glycol, titanium dioxide, c14-22 alcohols, polymethyl methacrylate, cetearyl alcohol, peg-100 stearate, triethanolamine, silica, sodium hydroxide, c12-20 alkyl glucoside, dimethicone/​vinyl dimethicone crosspolymer, aluminum hydroxide, stearic acid, fragrance, caprylyl glycol, phenoxyethanol, acrylates/​c10-30 alkyl acrylate crosspolymer, aloe arborescens leaf extract, dipotassium glycyrrhizate, carbomer, xanthan gum, tocopherol, amyl acetate, disodium edta",https://incidecoder.com/products/cosrx-aloe-soothing-sun-cream-spf50-2
COSRX Advanced The Vitamin C 23 With Super Vitamin E And Hyaluronic Acid,"water, ascorbic acid (23%), propanediol, dimethicone, tromethamine, panthenol, ethyl ascorbyl ether, squalane, caffeine, sodium chloride, sodium hyaluronate, sodium sulfite, disodium edta, glutathione, adenosine, acetyl glucosamine, gardenia florida fruit extract, allantoin, dextrin, tocotrienols, tocopherol, elaeis guineensis (palm) oil, butylene glycol, arginine, niacinamide, pentylene glycol, alcohol denat, helianthus annuus (sunflower) seed oil, glycyrrhiza glabra (licorice) root extract, methyl trimethicone, carthamus tinctorius (safflower) seed oil, camellia japonica seed oil, daucus carota sativa (carrot) root extract, beta-carotene",https://incidecoder.com/products/cosrx-advanced-the-vitamin-c-23-with-super-vitamin-e-and-hyaluronic-acid
COSRX Balancium Comfort Ceramide Cream,"centella asiatica leaf water, butylene glycol, glycerin, helianthus annuus(sunflower) seed oil, caprylic/​capric triglyceride, cetearyl alcohol, betaine, 1,2- hexanediol, cetearyl olivate, sorbitan olivate, ceramide np, hydrogenated lecithin, sucrose distearate, glyceryl stearate, dipropylene glycol, elaeis guineensis (palm) oil, elaeis guineensis (palm) kernel oil, beeswax, hydroxyethyl acrylate/​sodium acryloyldimethyl taurate copolymer, ethylhexylglycerin, cyclomethicone, dimethicone/​vinyl dimethicone crosspolymer, panthenol, sodium hyaluronate, xanthan gum, asiaticoside, asiatic acid, madecassic acid, cassia obtusifolia seed extract, citrus aurantium bergamia (bergamot) fruit oil",https://incidecoder.com/products/cosrx-balancium-comfort-ceramide-cream
CeraVe Acne Clay-to-foam Cleanser,"salicylic acid, water, glycerin, kaolin, sodium cocoyl isethionate, glyceryl stearate se, cetyl alcohol, niacinamide, glycolipids, carrageenan, beta-glucan, ceramide np, ceramide ap, ceramide eop, carbomer, triethyl citrate, sodium hydroxide, sodium benzoate, sodium lauroyl lactylate, cholesterol, caprylyl glycol, trisodium ethylenediamine disuccinate, lactic acid, chitosan, phytosphingosine, xanthan gum, benzoic acid",https://incidecoder.com/products/cerave-acne-clay-to-foam-cleanser
The Ordinary Aha 30% + Bha 2% Peeling Solution (Old Version) (Discontinued),"glycolic acid, aqua (water), arginine, propanediol, cocamidopropyl dimethylamine, triethanolamine, salicylic acid, aminomethyl propanol, lactic acid, tartaric acid, citric acid, panthenol, sodium hyaluronate crosspolymer, tasmannia lanceolata fruit/​leaf extract, daucus carota sativa extract, glycerin, pentylene glycol, polysorbate 20, trisodium ethylenediamine disuccinate, ethylhexylglycerin, 1,2-hexanediol, caprylyl glycol",https://incidecoder.com/products/the-ordinary-aha-30-bha-2-peeling-solution-old-version-discontinued
The Ordinary Aha 30% + Bha 2% Peeling Solution,"glycolic acid, aqua (water), aloe barbadensis leaf water, sodium hydroxide, daucus carota sativa extract, propanediol, cocamidopropyl dimethylamine, salicylic acid, potassium citrate, lactic acid, tartaric acid, citric acid, panthenol, sodium hyaluronate crosspolymer, tasmannia lanceolata fruit/​leaf extract, glycerin, pentylene glycol, xanthan gum, polysorbate 20, trisodium ethylenediamine disuccinate, potassium sorbate, sodium benzoate, ethylhexylglycerin, 1,2-hexanediol, caprylyl glycol",https://incidecoder.com/products/the-ordinary-aha-30-bha-2-peeling-solution-3
COSRX Ac Collection Acne Patch,"carboxymethylcellulose, sodium, polyisobutene, rosin, polybutene, mineral oil, centella asiatica extract, polyurethane film",https://incidecoder.com/products/cosrx-ac-collection-acne-patch-2
CeraVe Anti-dandruff Hydrating Conditioner,"water, cetearyl alcohol, behentrimonium chloride, glycerin, peg-180, amodimethicone, cetyl esters, ceramide np, ceramide ap, ceramide eop, carbomer, niacinamide, trideceth-6, triethyl citrate, sodium lauroyl lactylate, sodium hyaluronate, sodium polynaphthalenesulfonate, sodium chloride, sodium phosphate, cholesterol, phenoxyethanol, chlorhexidine dihydrochloride, disodium phosphate, isopropyl alcohol, propylene glycol, hydroxyethylcellulose, cetrimonium chloride, caprylyl glycol, xanthan gum, phytosphingosine, polysorbate 60, benzoic acid (f.i.l. v70046471/​1)",https://incidecoder.com/products/cerave-anti-dandruff-hydrating-conditioner
COSRX Advanced Snail Peptide Eye Cream,"snail secretion filtrate, butylene glycol, glycerin, helianthus annuus (sunflower) seed oil, 1,2-hexanediol, niacinamide, water, palmitic acid, arginine, carbomer, stearic acid, betaine, cetearyl olivate, sorbitan olivate, sodium polyacrylate, allantoin, tocopheryl acetate, panthenol, hydroxyethyl acrylate/​sodium acryloyldimethyl taurate copolymer, sodium hyaluronate, adenosine, xanthan gum, myristic acid, copper tripeptide-1, acetyl hexapeptide-8, palmitoyl pentapeptide-4, palmitoyl tripeptide-1, palmitoyl tetrapeptide-7",https://incidecoder.com/products/cosrx-advanced-snail-peptide-eye-cream
The Ordinary 100% Organic Virgin Chia Seed Oil,salvia hispanica seed oil.,https://incidecoder.com/products/the-ordinary-100-organic-virgin-chia-seed-oil
The Ordinary Behentrimonium Chloride 2% Conditioner,"aqua (water), cetearyl alcohol, behentrimonium chloride, cyamopsis tetragonoloba (guar) gum, phytic acid, phenoxyethanol, chlorphenesin",https://incidecoder.com/products/the-ordinary-behentrimonium-chloride-2-conditioner
COSRX Advanced Snail Mucin Gel Cleanser,"water, acrylates copolymer, butylene glycol, glycerin, disodium laureth sulfosuccinate, sodium cocoyl isethionate, 1,2-hexanediol, coco-glucoside, lauryl betaine, snail secretion filtrate, arginine, tromethamine, potassium cocoyl glycinate, fragrance, carbomer, sodium chloride, ethylhexylglycerin, acrylates/​c10-30 alkyl acrylate crosspolymer, sodium polyacrylate, disodium edta",https://incidecoder.com/products/cosrx-advanced-snail-mucin-gel-cleanser
COSRX Aloe Soothing Sun Cream Spf 50,"water, ethylhexyl methoxycinnamate, glycerin, propylene glycol, cyclopentasiloxane, bis-ethylhexyloxyphenol methoxyphenyl triazine, phenylbenzimidazole sulfonic acid, dicaprylyl carbonate, isoamyl p-methoxycinnamate, potassium cetyl phosphate, alcohol, dimethicone, glyceryl stearate, butylene glycol, titanium dioxide, c14-22 alcohols, polymethyl methacrylate, cetearyl alcohol, aloe arborescens leaf extract (1,100 ppm), dipotassium glycyrrhizate, tocopheryl acetate, peg-100 stearate, silica, c12-20 alkyl glucoside, dimethicone/​vinyl dimethicone crosspolymer, aluminum hydroxide, stearic acid, caprylyl glycol, acrylates crosspolymer, carbomer, xanthan gum, triethanolamine, sodium hydroxide, fragrance, phenoxyethanol, disodium edta",https://incidecoder.com/products/cosrx-aloe-soothing-sun-cream-spf-50
The Ordinary 100% Plant-derived Squalane,plant-derived squalane,https://incidecoder.com/products/the-ordinary-100-plant-derived-squalane-2
COSRX 5 Pdrn Collagen Vitalizing Hydrogel Eye Patch,"aqua/​water, glycerin, dipropylene glycol, niacinamide, ceratonia siliqua (carob) gum, methylpropanediol, chondrus crispus powder, chondrus crispus, cellulose gum, hydroxyacetophenone, panthenol, algin, caprylyl glycol, potassium chloride, sucrose, ethylhexylglycerin, sodium polyacrylate, adenosine, polyglyceryl-10 laurate, polyglyceryl-10 myristate, butylene glycol, gardenia florida fruit extract, 1,2-hexanediol, sodium dna, caffeine, maltodextrin, allantoin, collagen, dextrin, pantolactone, cyanocobalamin, dipotassium glycyrrhizate, ascorbic acid, sodium hyaluronate, glutathione, oryza sativa (rice) extract, coptis japonica root extract, caulerpa lentillifera extract, hydrolyzed hyaluronic acid, hyaluronic acid, potassium hyaluronate, hydrolyzed sodium hyaluronate, acetyl hexapeptide-8, lactobacillus ferment lysate, hydrolyzed rice protein, centella asiatica leaf extract, disodium edta",https://incidecoder.com/products/cosrx-5-pdrn-collagen-vitalizing-hydrogel-eye-patch
CeraVe Baby Moisturising Cream,"dimethicone (1.2%), water, glycerin, cetearyl alcohol, caprylic/​capric triglyceride, cetyl alcohol, ceteareth-20, petrolatum, potassium phosphate, ceramide np, ceramide ap, ceramide eop, carbomer, behentrimonium methosulfate, sodium lauroyl lactylate, sodium hyaluronate, cholesterol, phenoxyethanol, dipotassium phosphate, disodium edta, phytosphingosine, xanthan gum, ethylhexylglycerin",https://incidecoder.com/products/cerave-baby-moisturising-cream
The Ordinary Argireline Solution 10%,"aqua (water), propanediol, acetyl hexapeptide-8, trisodium ethylenediamine disuccinate, gellan gum, sodium chloride, isoceteth-20, dimethyl isosorbide, potassium sorbate, phenoxyethanol, chlorphenesin",https://incidecoder.com/products/the-ordinary-argireline-solution-10
COSRX AC Collection Lightweight Soothing Moisturizer,"propolis extract, aloe barbadensis leaf water, camellia sinensis leaf water, butylene glycol, cetyl ethylhexanoate, glycerin, 1,2-hexanediol, niacinamide, hydroxyethyl acrylate/​sodium acryloyldimethyl taurate copolymer, cyclomethicone, cetearyl olivate, betaine, cetearyl alcohol, sorbitan olivate, panthenol, ethylhexylglycerin, allantoin, xanthan gum, dimethicone/​vinyl dimethicone crosspolymer, sodium hyaluronate, arginine, zinc pca, betaine salicylate, mentha haplocalix extract, menthyl lactate, citric acid, melaleuca alternifolia (tea tree) leaf oil, asiaticoside, asiatic acid, madecassic acid",https://incidecoder.com/products/cosrx-ac-collection-lightweight-soothing-moisturizer
COSRX BHA Blackhead Power Liquid,"salix alba (willow) bark water, butylene glycol, betaine, niacinamide, betaine salicylate, 1,2-hexanediol, sodium hydroxide, sodium hyaluronate, panthenol, xanthan gum, ethyl hexanediol",https://incidecoder.com/products/cosrx-bha-blackhead-power-liquid-4
CeraVe Balancing Air Foam Cleanser,"aqua/​water/​eau, glycerin, sodium chloride, glycolipids, disodium cocoyl glutamate, sodium methyl cocoyl taurate, niacinamide, allantoin, ceramide np, ceramide ap, ceramide eop, carbomer, triethyl citrate, sodium cocoyl glutamate, salicylic acid, sodium benzoate, sodium lauroyl lactylate, cholesterol, coco-betaine, coconut acid, caprylyl glycol, citric acid, phytosphingosine, xanthan gum, polyepsilon-lysine, benzoic acid",https://incidecoder.com/products/cerave-balancing-air-foam-cleanser
The Ordinary 100% Plant-Derived Hemi-Squalane,c13-16 isoparaffin,https://incidecoder.com/products/the-ordinary-100-plant-derived-hemi-squalane
COSRX Aloe 54.2 Aqua Tone-up Sunscreen,"aloe barbadensis leaf water, homosalate, butylene glycol, diethylamino hydroxybenzoyl hexyl benzoate, ethylhexyl salicylate, glycerin, water, bis-ethylhexyloxyphenol methoxyphenyl triazine, c12-15 alkyl benzoate, methyl trimethicone, niacinamide, titanium dioxide (ci 77891), diisopropyl sebacate, terephthalylidene dicamphor sulfonic acid, 1,2-hexanediol, potassium cetyl phosphate, cetearyl alcohol, tromethamine, glyceryl stearate, behenyl alcohol, polyacrylate crosspolymer-6, xanthan gum, sodium polyacryloyldimethyl taurate, hydrogenated lecithin, poly c10-30 alkyl acrylate, ethylhexylglycerin, stearic acid, aluminum hydroxide, polyglyceryl-3 methylglucose distearate, palmitic acid, iron oxides (ci 77491), disodium edta, triethoxycaprylylsilane, iron oxides (ci 77492), sodium hyaluronate, allantoin, myristic acid, cyanocobalamin, lauric acid, tocopherol",https://incidecoder.com/products/cosrx-aloe-54-2-aqua-tone-up-sunscreen
